,obsday,time_recorded,elrange,azrange
0,20210514,2021-05-14 09:00:00Z,"[None, None]","[None, None]"
1,20210515,2021-05-15 20:15:34Z,"[None, None]","[None, None]"
3,20210515,2021-05-16 03:36:03Z,"[None, None]","[-90.0, 90.0]"
2,20210515,2021-05-16 04:28:50Z,"[None, None]","[None, None]"
4,20210516,2021-05-16 20:17:16Z,"[None, None]","[None, None]"
6,20210516,2021-05-17 03:08:25Z,"[None, None]","[-90.0, 90.0]"
5,20210516,2021-05-17 04:27:18Z,"[None, None]","[None, None]"
7,20210519,2021-05-19 20:18:56Z,"[None, None]","[None, None]"
8,20210519,2021-05-20 04:25:51Z,"[None, None]","[None, None]"
9,20210519,2021-05-20 05:27:49Z,"[None, None]","[-45.0, 135.0]"
10,20210519,2021-05-20 05:52:41Z,"[None, None]","[-45.0, 90.0]"
11,20210519,2021-05-20 05:54:32Z,"[None, None]","[-45.0, 45.0]"
12,20210519,2021-05-20 05:55:42Z,"[None, None]","[-90.0, 90.0]"
13,20210519,2021-05-20 05:56:27Z,"[None, None]","[-45.0, 90.0]"
14,20210521,2021-05-21 20:20:35Z,"[None, None]","[None, None]"
15,20210521,2021-05-22 04:24:31Z,"[None, None]","[None, None]"
16,20210521,2021-05-22 08:16:56Z,"[None, None]","[-90.0, 90.0]"
17,20210521,2021-05-22 11:11:44Z,"[None, None]","[None, None]"
18,20210606,2021-06-06 20:32:02Z,"[None, None]","[None, None]"
20,20210606,2021-06-07 03:58:22Z,"[None, None]","[-67.5, 202.5]"
21,20210606,2021-06-07 04:09:21Z,"[None, None]","[None, None]"
22,20210606,2021-06-07 04:11:00Z,"[None, None]","[-135.0, 135.0]"
19,20210606,2021-06-07 04:17:49Z,"[None, None]","[None, None]"
23,20210607,2021-06-07 20:33:10Z,"[None, None]","[None, None]"
24,20210607,2021-06-08 04:17:30Z,"[None, None]","[None, None]"
25,20210607,2021-06-08 04:26:18Z,"[None, None]","[-135.0, 135.0]"
26,20210609,2021-06-09 20:33:42Z,"[None, None]","[None, None]"
28,20210609,2021-06-10 03:45:41Z,"[None, None]","[-90.0, 180.0]"
27,20210609,2021-06-10 04:17:24Z,"[None, None]","[None, None]"
29,20210613,2021-06-13 20:35:37Z,"[None, None]","[None, None]"
30,20210613,2021-06-14 04:17:16Z,"[None, None]","[None, None]"
31,20210613,2021-06-14 06:37:09Z,"[None, None]","[90.0, 180.0]"
32,20210613,2021-06-14 07:23:17Z,"[None, None]","[None, None]"
33,20210618,2021-06-18 20:37:28Z,"[None, None]","[None, None]"
34,20210618,2021-06-19 04:17:46Z,"[None, None]","[None, None]"
35,20210618,2021-06-19 08:05:50Z,"[None, None]","[-45.0, 225.0]"
36,20210627,2021-06-27 20:39:01Z,"[None, None]","[None, None]"
37,20210627,2021-06-28 04:20:23Z,"[None, None]","[None, None]"
38,20210627,2021-06-28 04:54:10Z,"[None, None]","[0.0, 180.0]"
39,20210627,2021-06-28 04:55:21Z,"[None, None]","[180.0, 360.0]"
40,20210627,2021-06-28 07:04:57Z,"[None, None]","[None, None]"
41,20210707,2021-07-07 20:37:53Z,"[None, None]","[None, None]"
42,20210707,2021-07-08 04:25:32Z,"[None, None]","[None, None]"
43,20210707,2021-07-08 09:05:53Z,"[None, None]","[-45.0, 135.0]"
44,20210710,2021-07-10 20:36:57Z,"[None, None]","[None, None]"
45,20210710,2021-07-11 04:27:27Z,"[None, None]","[None, None]"
46,20210710,2021-07-11 10:26:42Z,"[None, None]","[-45.0, 45.0]"
47,20210710,2021-07-11 10:27:33Z,"[None, None]","[-90.0, 90.0]"
48,20210710,2021-07-11 11:03:01Z,"[None, None]","[None, None]"
49,20210927,2021-09-27 19:09:54Z,"[None, None]","[None, None]"
50,20210927,2021-09-28 05:25:52Z,"[None, None]","[None, None]"
51,20210927,2021-09-28 11:15:40Z,"[None, None]","[30.0, -180.0]"
52,20211022,2021-10-22 18:40:12Z,"[None, None]","[None, None]"
54,20211022,2021-10-23 04:43:18Z,"[None, None]","[250.0, 280.0]"
53,20211022,2021-10-23 05:42:36Z,"[None, None]","[None, None]"
55,20211022,2021-10-23 07:12:30Z,"[None, None]","[None, None]"
56,20211022,2021-10-23 11:29:35Z,"[None, None]","[45.0, 180.0]"
57,20211022,2021-10-23 11:38:31Z,"[None, None]","[None, None]"
58,20211022,2021-10-23 12:04:25Z,"[None, None]","[0.0, 45.0]"
59,20211022,2021-10-23 12:14:03Z,"[None, None]","[None, None]"
60,20211023,2021-10-23 18:39:12Z,"[None, None]","[None, None]"
62,20211023,2021-10-24 02:45:23Z,"[None, None]","[45.0, 90.0]"
63,20211023,2021-10-24 02:45:38Z,"[None, None]","[None, None]"
64,20211023,2021-10-24 02:46:42Z,"[None, None]","[270.0, 330.0]"
65,20211023,2021-10-24 03:17:43Z,"[None, None]","[None, None]"
66,20211023,2021-10-24 03:24:04Z,"[None, None]","[-70.0, 70.0]"
61,20211023,2021-10-24 05:43:18Z,"[None, None]","[None, None]"
67,20211023,2021-10-24 06:16:20Z,"[None, None]","[-80.0, 80.0]"
68,20211023,2021-10-24 06:21:47Z,"[None, None]","[-85.0, 85.0]"
69,20211024,2021-10-24 18:38:13Z,"[None, None]","[None, None]"
71,20211024,2021-10-25 02:13:41Z,"[None, None]","[-90.0, 90.0]"
72,20211024,2021-10-25 05:18:32Z,"[None, None]","[-85.0, 85.0]"
73,20211024,2021-10-25 05:28:18Z,"[None, None]","[-87.0, 87.0]"
74,20211024,2021-10-25 05:28:35Z,"[None, None]","[-90.0, 90.0]"
70,20211024,2021-10-25 05:44:01Z,"[None, None]","[None, None]"
75,20211024,2021-10-25 05:55:09Z,"[None, None]","[180.0, 360.0]"
76,20211024,2021-10-25 06:39:36Z,"[None, None]","[None, None]"
77,20211025,2021-10-25 18:37:16Z,"[None, None]","[None, None]"
79,20211025,2021-10-26 01:29:23Z,"[None, None]","[-85.0, 85.0]"
80,20211025,2021-10-26 01:32:05Z,"[None, None]","[None, None]"
81,20211025,2021-10-26 01:39:00Z,"[None, None]","[-85.0, 85.0]"
78,20211025,2021-10-26 05:44:44Z,"[None, None]","[None, None]"
82,20211027,2021-10-27 18:35:25Z,"[None, None]","[None, None]"
83,20211027,2021-10-28 05:46:11Z,"[None, None]","[None, None]"
84,20211027,2021-10-28 07:44:04Z,"[None, None]","[90.0, 180.0]"
85,20211027,2021-10-28 07:44:39Z,"[None, None]","[90.0, 270.0]"
86,20211027,2021-10-28 12:02:44Z,"[None, None]","[45.0, 315.0]"
87,20211027,2021-10-28 12:30:18Z,"[None, None]","[None, None]"
88,20211030,2021-10-30 18:32:47Z,"[None, None]","[None, None]"
89,20211030,2021-10-31 05:48:24Z,"[None, None]","[None, None]"
90,20211030,2021-10-31 12:06:51Z,"[None, None]","[0.0, 180.0]"
91,20211107,2021-11-07 18:26:46Z,"[None, None]","[None, None]"
93,20211107,2021-11-08 04:09:25Z,"[None, None]","[-170.0, 100.0]"
94,20211107,2021-11-08 04:36:03Z,"[None, None]","[-150.0, 80.0]"
95,20211107,2021-11-08 04:52:04Z,"[None, None]","[-125.0, 55.0]"
92,20211107,2021-11-08 05:54:28Z,"[None, None]","[None, None]"
96,20211112,2021-11-12 18:23:48Z,"[None, None]","[None, None]"
98,20211112,2021-11-13 03:37:58Z,"[None, None]","[170.0, 350.0]"
99,20211112,2021-11-13 03:59:53Z,"[None, None]","[None, None]"
97,20211112,2021-11-13 05:58:22Z,"[None, None]","[None, None]"
100,20211119,2021-11-19 18:20:43Z,"[None, None]","[None, None]"
102,20211119,2021-11-20 04:53:16Z,"[None, None]","[-40.0, 50.0]"
103,20211119,2021-11-20 04:55:37Z,"[None, None]","[-55.0, 80.0]"
104,20211119,2021-11-20 04:56:20Z,"[None, None]","[-60.0, 90.0]"
105,20211119,2021-11-20 04:56:45Z,"[None, None]","[-65.0, 95.0]"
106,20211119,2021-11-20 04:57:24Z,"[None, None]","[-70.0, 95.0]"
107,20211119,2021-11-20 04:57:33Z,"[None, None]","[None, None]"
108,20211119,2021-11-20 04:57:55Z,"[None, None]","[-55.0, 100.0]"
109,20211119,2021-11-20 04:58:05Z,"[None, None]","[None, None]"
101,20211119,2021-11-20 06:03:52Z,"[None, None]","[None, None]"
110,20211206,2021-12-06 18:18:52Z,"[None, None]","[None, None]"
112,20211206,2021-12-07 05:13:19Z,"[28.0, 45.0]","[None, None]"
111,20211206,2021-12-07 06:16:49Z,"[None, None]","[None, None]"
113,20211206,2021-12-07 07:56:29Z,"[None, None]","[None, None]"
114,20211208,2021-12-08 18:19:10Z,"[None, None]","[None, None]"
116,20211208,2021-12-09 02:59:59Z,"[None, None]","[-110.0, 70.0]"
115,20211208,2021-12-09 06:18:12Z,"[None, None]","[None, None]"
117,20220107,2022-01-07 18:34:16Z,"[None, None]","[None, None]"
119,20220107,2022-01-08 04:13:08Z,"[None, None]","[-110.0, 70.0]"
118,20220107,2022-01-08 06:30:48Z,"[None, None]","[None, None]"
120,20220107,2022-01-08 06:45:39Z,"[None, None]","[180.0, 300.0]"
121,20220107,2022-01-08 06:54:32Z,"[None, None]","[210.0, 300.0]"
122,20220107,2022-01-08 07:12:16Z,"[None, None]","[210.0, 315.0]"
123,20220107,2022-01-08 07:14:16Z,"[None, None]","[200.0, 320.0]"
124,20220107,2022-01-08 07:16:34Z,"[None, None]","[190.0, 320.0]"
125,20220107,2022-01-08 07:17:06Z,"[None, None]","[180.0, 320.0]"
126,20220107,2022-01-08 07:53:30Z,"[None, None]","[-115.0, 65.0]"
127,20220205,2022-02-05 18:57:49Z,"[None, None]","[None, None]"
129,20220205,2022-02-06 01:19:57Z,"[None, None]","[90.0, 270.0]"
128,20220205,2022-02-06 06:21:51Z,"[None, None]","[None, None]"
130,20220209,2022-02-09 19:01:52Z,"[None, None]","[None, None]"
132,20220209,2022-02-10 01:56:34Z,"[None, None]","[0.0, 180.0]"
133,20220209,2022-02-10 01:57:28Z,"[None, None]","[0.0, 180.0]"
134,20220209,2022-02-10 02:43:25Z,"[None, None]","[None, None]"
131,20220209,2022-02-10 06:18:08Z,"[None, None]","[None, None]"
135,20220220,2022-02-20 19:09:40Z,"[None, None]","[None, None]"
137,20220220,2022-02-21 03:00:57Z,"[None, None]","[-120.0, 60.0]"
138,20220220,2022-02-21 04:18:41Z,"[None, None]","[-150.0, 30.0]"
139,20220220,2022-02-21 05:40:18Z,"[None, None]","[265.0, 355.0]"
136,20220220,2022-02-21 06:09:08Z,"[None, None]","[None, None]"
140,20220220,2022-02-21 12:58:32Z,"[None, None]","[None, None]"
141,20220220,2022-02-21 12:59:04Z,"[0.0, 10.0]","[None, None]"
142,20220220,2022-02-21 13:00:00Z,"[None, None]","[None, None]"
143,20220221,2022-02-21 19:10:26Z,"[None, None]","[None, None]"
145,20220221,2022-02-22 02:11:17Z,"[None, None]","[-80.0, 100.0]"
144,20220221,2022-02-22 06:08:08Z,"[None, None]","[None, None]"
146,20220303,2022-03-03 19:17:53Z,"[None, None]","[None, None]"
148,20220303,2022-03-04 05:14:59Z,"[65.0, None]","[None, None]"
149,20220303,2022-03-04 05:17:05Z,"[55.0, 90.0]","[None, None]"
150,20220303,2022-03-04 05:35:58Z,"[65.0, 90.0]","[200.0, 300.0]"
147,20220303,2022-03-04 05:57:12Z,"[None, None]","[None, None]"
151,20220303,2022-03-04 06:25:57Z,"[45.0, 90.0]","[200.0, 330.0]"
152,20220303,2022-03-04 12:21:49Z,"[None, None]","[None, None]"
153,20220313,2022-03-13 19:25:07Z,"[None, None]","[None, None]"
155,20220313,2022-03-14 03:16:44Z,"[None, None]","[-90.0, 90.0]"
156,20220313,2022-03-14 04:59:57Z,"[None, None]","[-70.0, 70.0]"
157,20220313,2022-03-14 05:13:24Z,"[None, None]","[-60.0, 60.0]"
158,20220313,2022-03-14 05:27:50Z,"[None, None]","[-100.0, 150.0]"
159,20220313,2022-03-14 05:35:11Z,"[None, None]","[-100.0, 160.0]"
160,20220313,2022-03-14 05:40:28Z,"[None, 80.0]","[-100.0, 160.0]"
154,20220313,2022-03-14 05:45:00Z,"[None, None]","[None, None]"
161,20220313,2022-03-14 05:52:11Z,"[40.0, 90.0]","[-100.0, 160.0]"
162,20220313,2022-03-14 06:17:41Z,"[None, None]","[None, None]"
163,20220315,2022-03-15 19:27:17Z,"[None, None]","[None, None]"
165,20220315,2022-03-16 04:03:45Z,"[None, None]","[-80.0, -10.0]"
166,20220315,2022-03-16 04:20:31Z,"[None, None]","[None, None]"
164,20220315,2022-03-16 05:41:09Z,"[None, None]","[None, None]"
167,20220319,2022-03-19 19:29:26Z,"[None, None]","[None, None]"
169,20220319,2022-03-20 05:07:26Z,"[None, None]","[-90.0, 90.0]"
168,20220319,2022-03-20 05:37:14Z,"[None, None]","[None, None]"
170,20220322,2022-03-22 19:31:36Z,"[None, None]","[None, None]"
171,20220322,2022-03-23 05:33:17Z,"[None, None]","[None, None]"
172,20220322,2022-03-23 09:05:29Z,"[None, None]","[90.0, 270.0]"
173,20220322,2022-03-23 11:00:50Z,"[None, None]","[180.0, 270.0]"
174,20220322,2022-03-23 11:09:36Z,"[None, None]","[None, None]"
175,20220322,2022-03-23 11:10:02Z,"[None, None]","[180.0, 270.0]"
176,20220326,2022-03-26 19:34:30Z,"[None, None]","[None, None]"
177,20220326,2022-03-27 05:27:57Z,"[None, None]","[None, None]"
178,20220326,2022-03-27 07:00:16Z,"[None, None]","[-110.0, 70.0]"
179,20220327,2022-03-27 19:35:14Z,"[None, None]","[None, None]"
181,20220327,2022-03-28 02:51:09Z,"[None, None]","[-110.0, 70.0]"
180,20220327,2022-03-28 05:26:37Z,"[None, None]","[None, None]"
182,20220401,2022-04-01 19:38:57Z,"[None, None]","[None, None]"
183,20220401,2022-04-02 05:19:55Z,"[None, None]","[None, None]"
184,20220401,2022-04-02 05:22:51Z,"[None, None]","[-135.0, 45.0]"
185,20220402,2022-04-02 19:39:42Z,"[None, None]","[None, None]"
187,20220402,2022-04-03 04:26:47Z,"[None, None]","[-210.0, 120.0]"
188,20220402,2022-04-03 04:34:21Z,"[None, None]","[-205.0, 115.0]"
189,20220402,2022-04-03 05:16:55Z,"[None, None]","[-190.0, 105.0]"
186,20220402,2022-04-03 05:18:34Z,"[None, None]","[None, None]"
190,20220402,2022-04-03 06:13:30Z,"[None, None]","[-90.0, 90.0]"
191,20220409,2022-04-09 19:45:05Z,"[None, None]","[None, None]"
192,20220409,2022-04-10 05:09:15Z,"[None, None]","[None, None]"
193,20220409,2022-04-10 06:02:54Z,"[None, None]","[-90.0, 90.0]"
194,20220416,2022-04-16 19:50:38Z,"[None, None]","[None, None]"
195,20220416,2022-04-17 05:00:10Z,"[None, None]","[None, None]"
196,20220416,2022-04-17 05:10:40Z,"[None, None]","[290.0, 360.0]"
197,20220416,2022-04-17 06:05:26Z,"[None, None]","[None, None]"
198,20220419,2022-04-19 19:53:05Z,"[None, None]","[None, None]"
199,20220419,2022-04-20 04:56:24Z,"[None, None]","[None, None]"
200,20220419,2022-04-20 10:18:35Z,"[None, None]","[-60.0, 120.0]"
201,20220420,2022-04-20 19:53:55Z,"[None, None]","[None, None]"
203,20220420,2022-04-21 03:36:13Z,"[None, None]","[-60.0, 120.0]"
204,20220420,2022-04-21 04:25:29Z,"[None, None]","[None, None]"
202,20220420,2022-04-21 04:55:09Z,"[None, None]","[None, None]"
205,20220420,2022-04-21 05:35:14Z,"[None, None]","[-90.0, 90.0]"
206,20220421,2022-04-21 19:54:45Z,"[None, None]","[None, None]"
208,20220421,2022-04-22 03:02:10Z,"[None, None]","[-150.0, 30.0]"
207,20220421,2022-04-22 04:53:56Z,"[None, None]","[None, None]"
209,20220421,2022-04-22 06:00:43Z,"[None, None]","[-90.0, 90.0]"
210,20220426,2022-04-26 19:59:48Z,"[None, None]","[None, None]"
212,20220426,2022-04-27 03:53:02Z,"[None, None]","[-125.0, 55.0]"
211,20220426,2022-04-27 04:46:49Z,"[None, None]","[None, None]"
213,20220427,2022-04-27 19:59:48Z,"[None, None]","[None, None]"
215,20220427,2022-04-28 02:47:49Z,"[None, None]","[-90.0, 90.0]"
216,20220427,2022-04-28 02:48:02Z,"[None, None]","[-90.0, 90.0]"
214,20220427,2022-04-28 04:46:49Z,"[None, None]","[None, None]"
217,20220428,2022-04-28 20:00:40Z,"[None, None]","[None, None]"
219,20220428,2022-04-29 04:22:21Z,"[None, None]","[-90.0, 90.0]"
218,20220428,2022-04-29 04:45:40Z,"[None, None]","[None, None]"
220,20220428,2022-04-29 08:52:08Z,"[None, None]","[None, None]"
221,20220502,2022-05-02 20:04:07Z,"[None, None]","[None, None]"
222,20220502,2022-05-03 04:41:17Z,"[None, None]","[None, None]"
223,20220502,2022-05-03 05:10:39Z,"[None, None]","[-90.0, 90.0]"
224,20220503,2022-05-03 20:04:59Z,"[None, None]","[None, None]"
225,20220503,2022-05-04 04:40:13Z,"[None, None]","[None, None]"
226,20220503,2022-05-04 05:45:45Z,"[None, None]","[-90.0, 90.0]"
227,20220503,2022-05-04 09:08:30Z,"[None, None]","[None, None]"
228,20220506,2022-05-06 20:08:28Z,"[None, None]","[None, None]"
229,20220506,2022-05-07 04:36:10Z,"[None, None]","[None, None]"
230,20220506,2022-05-07 07:03:34Z,"[None, None]","[-90.0, -90.0]"
231,20220506,2022-05-07 07:16:00Z,"[None, None]","[-90.0, 90.0]"
232,20220507,2022-05-07 20:09:21Z,"[None, None]","[None, None]"
234,20220507,2022-05-08 03:04:07Z,"[None, None]","[-90.0, 90.0]"
233,20220507,2022-05-08 04:35:12Z,"[None, None]","[None, None]"
235,20220507,2022-05-08 10:13:54Z,"[None, None]","[-90.0, 90.0]"
236,20220507,2022-05-08 10:14:35Z,"[None, None]","[-90.0, 90.0]"
237,20220507,2022-05-08 10:15:45Z,"[None, None]","[-90.0, 90.0]"
238,20220508,2022-05-08 20:09:21Z,"[None, None]","[None, None]"
239,20220508,2022-05-09 04:35:12Z,"[None, None]","[None, None]"
240,20220508,2022-05-09 06:24:14Z,"[None, None]","[-90.0, 90.0]"
241,20220509,2022-05-09 20:10:13Z,"[None, None]","[None, None]"
242,20220509,2022-05-10 04:34:16Z,"[None, None]","[None, None]"
243,20220509,2022-05-10 06:33:11Z,"[None, None]","[-90.0, 90.0]"
244,20220510,2022-05-10 20:11:05Z,"[None, None]","[None, None]"
245,20220510,2022-05-11 04:33:20Z,"[None, None]","[None, None]"
246,20220510,2022-05-11 08:52:44Z,"[None, None]","[-90.0, 90.0]"
247,20220518,2022-05-18 20:18:45Z,"[None, None]","[None, None]"
248,20220518,2022-05-19 04:26:02Z,"[None, None]","[None, None]"
249,20220518,2022-05-19 04:33:13Z,"[None, None]","[-90.0, 90.0]"
250,20220518,2022-05-19 04:36:15Z,"[None, None]","[None, None]"
251,20220522,2022-05-22 20:22:00Z,"[None, None]","[None, None]"
252,20220522,2022-05-23 04:23:26Z,"[None, None]","[None, None]"
253,20220522,2022-05-23 05:22:40Z,"[None, None]","[-90.0, 90.0]"
254,20220527,2022-05-27 20:13:45Z,"[None, None]","[None, None]"
255,20220527,2022-05-28 04:32:39Z,"[None, None]","[None, None]"
256,20220527,2022-05-28 10:13:55Z,"[None, None]","[-90.0, 90.0]"
257,20220528,2022-05-28 20:14:28Z,"[None, None]","[None, None]"
259,20220528,2022-05-29 03:33:44Z,"[None, None]","[-90.0, 90.0]"
258,20220528,2022-05-29 04:32:13Z,"[None, None]","[None, None]"
260,20220529,2022-05-29 20:15:53Z,"[None, None]","[None, None]"
262,20220529,2022-05-30 03:10:05Z,"[None, None]","[-90.0, 90.0]"
261,20220529,2022-05-30 04:31:25Z,"[None, None]","[None, None]"
263,20220602,2022-06-02 20:17:53Z,"[None, None]","[None, None]"
264,20220602,2022-06-03 04:30:26Z,"[None, None]","[None, None]"
265,20220602,2022-06-03 08:56:05Z,"[None, None]","[-135.0, 135.0]"
266,20220604,2022-06-04 20:19:08Z,"[None, None]","[None, None]"
267,20220604,2022-06-05 04:29:55Z,"[None, None]","[None, None]"
268,20220604,2022-06-05 05:20:18Z,"[None, None]","[-120.0, 120.0]"
269,20220605,2022-06-05 20:19:44Z,"[None, None]","[None, None]"
270,20220605,2022-06-06 04:29:43Z,"[None, None]","[None, None]"
271,20220605,2022-06-06 06:01:25Z,"[None, None]","[-120.0, 120.0]"
272,20220605,2022-06-06 09:11:29Z,"[None, None]","[None, None]"
273,20220613,2022-06-13 20:23:49Z,"[None, None]","[None, None]"
274,20220613,2022-06-14 04:29:02Z,"[None, None]","[None, None]"
275,20220613,2022-06-14 10:00:12Z,"[None, None]","[-105.0, 75.0]"
276,20220915,2022-09-15 19:16:57Z,"[None, None]","[None, None]"
277,20220915,2022-09-16 05:27:29Z,"[None, None]","[None, None]"
278,20220915,2022-09-16 05:39:55Z,"[None, None]","[180.0, 359.0]"
279,20220915,2022-09-16 06:59:36Z,"[None, None]","[None, None]"
280,20220916,2022-09-16 19:15:35Z,"[None, None]","[None, None]"
281,20220916,2022-09-17 05:28:08Z,"[None, None]","[None, None]"
282,20220916,2022-09-17 06:04:10Z,"[None, None]","[180.0, 359.0]"
283,20220916,2022-09-17 06:38:34Z,"[None, None]","[-90.0, 90.0]"
284,20220917,2022-09-17 19:14:13Z,"[None, None]","[None, None]"
285,20220917,2022-09-18 05:28:47Z,"[None, None]","[None, None]"
286,20220917,2022-09-18 05:58:33Z,"[None, None]","[-130.0, 130.0]"
287,20220917,2022-09-18 06:51:04Z,"[None, None]","[-90.0, 90.0]"
288,20220923,2022-09-23 19:06:06Z,"[None, None]","[None, None]"
290,20220923,2022-09-24 05:03:13Z,"[None, None]","[-170.0, 0.0]"
291,20220923,2022-09-24 05:04:37Z,"[None, None]","[-170.0, 0.0]"
292,20220923,2022-09-24 05:22:00Z,"[None, None]","[-1300.0, 0.0]"
289,20220923,2022-09-24 05:32:38Z,"[None, None]","[None, None]"
293,20220923,2022-09-24 05:42:10Z,"[None, None]","[-170.0, 0.0]"
294,20220923,2022-09-24 08:16:19Z,"[None, None]","[None, None]"
295,20221013,2022-10-13 18:40:46Z,"[None, None]","[None, None]"
296,20221013,2022-10-14 05:45:41Z,"[None, None]","[None, None]"
297,20221013,2022-10-14 11:50:19Z,"[None, None]","[-90.0, 90.0]"
298,20221018,2022-10-18 18:35:10Z,"[None, None]","[None, None]"
299,20221018,2022-10-19 05:49:07Z,"[None, None]","[None, None]"
300,20221018,2022-10-19 11:25:58Z,"[None, None]","[180.0, 359.0]"
301,20221021,2022-10-21 18:31:59Z,"[None, None]","[None, None]"
303,20221021,2022-10-22 04:38:24Z,"[None, None]","[-90.0, 90.0]"
302,20221021,2022-10-22 05:51:13Z,"[None, None]","[None, None]"
304,20221025,2022-10-25 18:27:03Z,"[None, None]","[None, None]"
305,20221025,2022-10-26 05:54:50Z,"[None, None]","[None, None]"
306,20221025,2022-10-26 06:44:44Z,"[None, None]","[-45.0, 135.0]"
307,20221101,2022-11-01 18:21:46Z,"[None, None]","[None, None]"
308,20221101,2022-11-02 05:59:20Z,"[None, None]","[None, None]"
309,20221101,2022-11-02 06:13:59Z,"[None, None]","[0.0, 180.0]"
310,20221108,2022-11-08 18:15:58Z,"[None, None]","[None, None]"
312,20221108,2022-11-09 02:37:00Z,"[None, None]","[180.0, 360.0]"
313,20221108,2022-11-09 03:28:04Z,"[None, None]","[None, None]"
314,20221108,2022-11-09 03:28:13Z,"[None, None]","[-179.0, -1.0]"
311,20221108,2022-11-09 06:05:32Z,"[None, None]","[None, None]"
315,20221108,2022-11-09 06:20:23Z,"[None, None]","[-179.0, -1.0]"
316,20221112,2022-11-12 18:14:12Z,"[None, None]","[None, None]"
318,20221112,2022-11-13 04:39:31Z,"[None, None]","[-160.0, 100.0]"
319,20221112,2022-11-13 05:48:47Z,"[None, None]","[-140.0, 80.0]"
317,20221112,2022-11-13 06:07:54Z,"[None, None]","[None, None]"
320,20221113,2022-11-13 18:13:09Z,"[None, None]","[None, None]"
322,20221113,2022-11-14 01:20:31Z,"[None, None]","[50.0, 160.0]"
323,20221113,2022-11-14 04:37:44Z,"[None, None]","[None, None]"
321,20221113,2022-11-14 06:09:30Z,"[None, None]","[None, None]"
324,20221201,2022-12-01 18:08:37Z,"[None, None]","[None, None]"
326,20221201,2022-12-02 04:46:21Z,"[None, None]","[None, None]"
327,20221201,2022-12-02 04:46:29Z,"[None, None]","[0.0, -180.0]"
325,20221201,2022-12-02 06:22:59Z,"[None, None]","[None, None]"
328,20221206,2022-12-06 18:08:49Z,"[None, None]","[None, None]"
330,20221206,2022-12-07 05:21:12Z,"[None, None]","[-180.0, 90.0]"
331,20221206,2022-12-07 05:22:16Z,"[None, None]","[-180.0, 90.0]"
332,20221206,2022-12-07 05:25:49Z,"[None, None]","[-180.0, 90.0]"
329,20221206,2022-12-07 06:26:40Z,"[None, None]","[None, None]"
333,20221206,2022-12-07 07:24:30Z,"[None, None]","[-180.0, 90.0]"
334,20221206,2022-12-07 11:00:08Z,"[None, None]","[180.0, 360.0]"
335,20221206,2022-12-07 11:03:02Z,"[None, None]","[0.0, 180.0]"
336,20221206,2022-12-07 11:06:02Z,"[None, None]","[0.0, 180.0]"
337,20221206,2022-12-07 11:13:48Z,"[None, None]","[-90.0, 90.0]"
338,20221206,2022-12-07 12:12:12Z,"[None, None]","[None, None]"
339,20221224,2022-12-24 18:14:51Z,"[None, None]","[None, None]"
341,20221224,2022-12-25 06:27:49Z,"[None, None]","[90.0, -90.0]"
340,20221224,2022-12-25 06:37:12Z,"[None, None]","[None, None]"
342,20221224,2022-12-25 09:08:33Z,"[None, None]","[180.0, 359.0]"
343,20221224,2022-12-25 11:11:36Z,"[None, None]","[None, None]"
344,20221225,2022-12-25 18:15:24Z,"[None, None]","[None, None]"
346,20221225,2022-12-26 01:13:20Z,"[None, None]","[90.0, 270.0]"
345,20221225,2022-12-26 06:37:37Z,"[None, None]","[None, None]"
347,20230104,2023-01-04 18:21:51Z,"[None, None]","[None, None]"
348,20230104,2023-01-05 06:40:25Z,"[None, None]","[None, None]"
349,20230104,2023-01-05 12:42:47Z,"[None, None]","[-150.0, 90.0]"
350,20230107,2023-01-07 18:24:03Z,"[None, None]","[None, None]"
351,20230107,2023-01-08 06:40:46Z,"[None, None]","[None, None]"
352,20230107,2023-01-08 11:07:04Z,"[None, None]","[-185.0, 55.0]"
353,20230107,2023-01-08 12:46:11Z,"[None, None]","[None, None]"
354,20230126,2023-01-26 18:39:34Z,"[None, None]","[None, None]"
356,20230126,2023-01-27 05:30:11Z,"[None, None]","[-240.0, 0.0]"
355,20230126,2023-01-27 06:37:18Z,"[None, None]","[None, None]"
357,20230126,2023-01-27 07:31:22Z,"[None, None]","[-230.0, 10.0]"
358,20230126,2023-01-27 11:10:33Z,"[None, None]","[None, None]"
359,20230128,2023-01-28 18:41:15Z,"[None, None]","[None, None]"
360,20230128,2023-01-29 06:36:22Z,"[None, None]","[None, None]"
361,20230128,2023-01-29 09:18:37Z,"[None, None]","[-140.0, 100.0]"
362,20230129,2023-01-29 18:42:06Z,"[None, None]","[None, None]"
364,20230129,2023-01-30 01:32:34Z,"[None, None]","[-150.0, 90.0]"
365,20230129,2023-01-30 02:13:35Z,"[None, None]","[-120.0, 60.0]"
363,20230129,2023-01-30 06:35:52Z,"[None, None]","[None, None]"
366,20230129,2023-01-30 06:57:17Z,"[None, None]","[-135.0, 45.0]"
367,20230130,2023-01-30 18:42:56Z,"[None, None]","[None, None]"
369,20230130,2023-01-31 02:20:58Z,"[None, None]","[-150.0, 90.0]"
370,20230130,2023-01-31 03:49:39Z,"[None, None]","[None, None]"
368,20230130,2023-01-31 06:35:20Z,"[None, None]","[None, None]"
371,20230205,2023-02-05 18:47:57Z,"[None, None]","[None, None]"
373,20230205,2023-02-06 06:17:43Z,"[None, None]","[270.0, 359.0]"
372,20230205,2023-02-06 06:31:37Z,"[None, None]","[None, None]"
374,20230205,2023-02-06 08:03:50Z,"[None, None]","[None, None]"
375,20230206,2023-02-06 18:48:47Z,"[None, None]","[None, None]"
376,20230206,2023-02-07 06:30:55Z,"[None, None]","[None, None]"
377,20230206,2023-02-07 12:19:01Z,"[None, None]","[90.0, -90.0]"
378,20230218,2023-02-18 18:58:25Z,"[None, None]","[None, None]"
379,20230218,2023-02-19 06:20:48Z,"[None, None]","[None, None]"
380,20230218,2023-02-19 07:49:30Z,"[None, None]","[-180.0, 90.0]"
381,20230224,2023-02-24 19:03:03Z,"[None, None]","[None, None]"
383,20230224,2023-02-25 02:52:48Z,"[None, None]","[-200.0, 70.0]"
382,20230224,2023-02-25 06:14:43Z,"[None, None]","[None, None]"
384,20230224,2023-02-25 06:25:11Z,"[None, None]","[-180.0, 90.0]"
385,20230225,2023-02-25 19:03:48Z,"[None, None]","[None, None]"
387,20230225,2023-02-26 01:16:10Z,"[None, None]","[-195.0, 75.0]"
386,20230225,2023-02-26 06:13:38Z,"[None, None]","[None, None]"
388,20230225,2023-02-26 14:32:07Z,"[None, None]","[None, None]"
389,20230228,2023-02-28 19:06:03Z,"[None, None]","[None, None]"
390,20230228,2023-03-01 06:10:20Z,"[None, None]","[None, None]"
391,20230228,2023-03-01 11:16:01Z,"[None, None]","[-80.0, 100.0]"
392,20230319,2023-03-19 19:19:45Z,"[None, None]","[None, None]"
393,20230319,2023-03-20 05:47:02Z,"[None, None]","[None, None]"
394,20230319,2023-03-20 09:00:49Z,"[None, None]","[-125.0, 145.0]"
395,20230319,2023-03-20 09:46:53Z,"[None, None]","[-125.0, 145.0]"
396,20230319,2023-03-20 09:50:59Z,"[None, None]","[-95.0, 115.0]"
397,20230319,2023-03-20 09:54:48Z,"[None, None]","[-110.0, 130.0]"
398,20230329,2023-03-29 19:26:56Z,"[None, None]","[None, None]"
400,20230329,2023-03-30 02:51:58Z,"[None, None]","[-90.0, 90.0]"
399,20230329,2023-03-30 05:33:52Z,"[None, None]","[None, None]"
401,20230403,2023-04-03 19:30:34Z,"[None, None]","[None, None]"
403,20230403,2023-04-04 03:00:38Z,"[None, None]","[-80.0, 80.0]"
402,20230403,2023-04-04 05:27:15Z,"[None, None]","[None, None]"
404,20230412,2023-04-12 19:37:20Z,"[None, None]","[None, None]"
406,20230412,2023-04-13 02:57:48Z,"[None, None]","[-110.0, 160.0]"
405,20230412,2023-04-13 05:15:32Z,"[None, None]","[None, None]"
407,20230412,2023-04-13 06:48:48Z,"[None, None]","[None, None]"
408,20230413,2023-04-13 19:38:06Z,"[None, None]","[None, None]"
410,20230413,2023-04-14 04:02:31Z,"[None, None]","[-150.0, 120.0]"
411,20230413,2023-04-14 04:08:12Z,"[None, None]","[-165.0, 105.0]"
412,20230413,2023-04-14 04:20:14Z,"[None, None]","[-135.0, 75.0]"
409,20230413,2023-04-14 05:14:15Z,"[None, None]","[None, None]"
413,20230413,2023-04-14 09:09:47Z,"[None, None]","[-120.0, 60.0]"
414,20230417,2023-04-17 19:41:13Z,"[None, None]","[None, None]"
416,20230417,2023-04-18 04:26:53Z,"[None, None]","[-135.0, 135.0]"
415,20230417,2023-04-18 05:09:15Z,"[None, None]","[None, None]"
417,20230417,2023-04-18 07:10:00Z,"[None, None]","[-95.0, 115.0]"
418,20230418,2023-04-18 19:42:00Z,"[None, None]","[None, None]"
419,20230418,2023-04-19 05:08:01Z,"[None, None]","[None, None]"
420,20230418,2023-04-19 09:31:13Z,"[None, None]","[None, None]"
421,20230418,2023-04-19 09:32:01Z,"[None, None]","[-90.0, 90.0]"
422,20230423,2023-04-23 19:46:01Z,"[None, None]","[None, None]"
423,20230423,2023-04-24 05:02:01Z,"[None, None]","[None, None]"
424,20230423,2023-04-24 08:05:21Z,"[None, None]","[-90.0, 90.0]"
425,20230501,2023-05-01 19:52:35Z,"[None, None]","[None, None]"
426,20230501,2023-05-02 04:53:06Z,"[None, None]","[None, None]"
427,20230501,2023-05-02 07:25:04Z,"[None, None]","[-90.0, 90.0]"
428,20230502,2023-05-02 19:54:14Z,"[None, None]","[None, None]"
429,20230502,2023-05-03 04:51:02Z,"[None, None]","[None, None]"
430,20230502,2023-05-03 10:45:12Z,"[None, None]","[181.0, 359.0]"
431,20230504,2023-05-04 19:55:54Z,"[None, None]","[None, None]"
432,20230504,2023-05-05 04:49:01Z,"[None, None]","[None, None]"
433,20230504,2023-05-05 09:56:48Z,"[None, None]","[-160.0, 110.0]"
434,20230504,2023-05-05 10:14:10Z,"[None, None]","[-130.0, 80.0]"
435,20230506,2023-05-06 19:56:44Z,"[None, None]","[None, None]"
436,20230506,2023-05-07 04:48:03Z,"[None, None]","[None, None]"
437,20230506,2023-05-07 07:10:00Z,"[None, None]","[-135.0, 75.0]"
438,20230509,2023-05-09 19:59:14Z,"[None, None]","[None, None]"
440,20230509,2023-05-10 03:18:36Z,"[None, None]","[-85.0, 125.0]"
439,20230509,2023-05-10 04:45:15Z,"[None, None]","[None, None]"
441,20230520,2023-05-20 20:08:15Z,"[None, None]","[None, None]"
443,20230520,2023-05-21 03:05:05Z,"[None, None]","[-70.0, 200.0]"
442,20230520,2023-05-21 04:36:40Z,"[None, None]","[None, None]"
444,20230520,2023-05-21 07:38:30Z,"[None, None]","[None, None]"
445,20230523,2023-05-23 20:10:35Z,"[None, None]","[None, None]"
446,20230523,2023-05-24 04:34:50Z,"[None, None]","[None, None]"
447,20230523,2023-05-24 06:36:28Z,"[None, None]","[-135.0, 75.0]"
448,20230523,2023-05-24 09:25:06Z,"[None, None]","[-150.0, 60.0]"
449,20230524,2023-05-24 20:11:21Z,"[None, None]","[None, None]"
450,20230524,2023-05-25 04:34:17Z,"[None, None]","[None, None]"
451,20230524,2023-05-25 04:50:54Z,"[None, None]","[-135.0, 75.0]"
452,20230524,2023-05-25 07:29:44Z,"[None, None]","[-150.0, 60.0]"
453,20230525,2023-05-25 20:12:51Z,"[None, None]","[None, None]"
455,20230525,2023-05-26 04:06:52Z,"[None, None]","[-135.0, 75.0]"
454,20230525,2023-05-26 04:33:15Z,"[None, None]","[None, None]"
456,20230525,2023-05-26 06:08:30Z,"[None, None]","[-150.0, 60.0]"
457,20230525,2023-05-26 06:55:21Z,"[None, None]","[-135.0, 45.0]"
458,20230528,2023-05-28 20:14:19Z,"[None, None]","[None, None]"
459,20230528,2023-05-29 04:32:19Z,"[None, None]","[None, None]"
460,20230528,2023-05-29 06:36:00Z,"[None, None]","[-90.0, 90.0]"
461,20230529,2023-05-29 20:15:01Z,"[None, None]","[None, None]"
462,20230529,2023-05-30 04:31:54Z,"[None, None]","[None, None]"
463,20230529,2023-05-30 07:20:07Z,"[None, None]","[-90.0, 90.0]"
464,20230530,2023-05-30 20:15:43Z,"[None, None]","[None, None]"
465,20230530,2023-05-31 04:31:30Z,"[None, None]","[None, None]"
466,20230530,2023-05-31 07:40:41Z,"[None, None]","[-90.0, 90.0]"
467,20230531,2023-05-31 20:16:24Z,"[None, None]","[None, None]"
468,20230531,2023-06-01 04:31:09Z,"[None, None]","[None, None]"
469,20230531,2023-06-01 05:23:55Z,"[None, None]","[-90.0, 90.0]"
470,20230601,2023-06-01 20:17:04Z,"[None, None]","[None, None]"
472,20230601,2023-06-02 03:22:11Z,"[None, None]","[-90.0, 90.0]"
471,20230601,2023-06-02 04:30:48Z,"[None, None]","[None, None]"
473,20230601,2023-06-02 07:12:59Z,"[None, None]","[None, None]"
474,20230605,2023-06-05 20:19:34Z,"[None, None]","[None, None]"
475,20230605,2023-06-06 04:29:45Z,"[None, None]","[None, None]"
476,20230605,2023-06-06 06:27:47Z,"[None, None]","[181.0, 359.0]"
477,20230605,2023-06-06 06:51:15Z,"[None, None]","[-90.0, 0.0]"
478,20230606,2023-06-06 20:20:09Z,"[None, None]","[None, None]"
480,20230606,2023-06-07 03:53:04Z,"[None, None]","[-90.0, 90.0]"
479,20230606,2023-06-07 04:29:33Z,"[None, None]","[None, None]"
481,20230606,2023-06-07 05:37:44Z,"[None, None]","[-90.0, 90.0]"
482,20230606,2023-06-07 05:39:49Z,"[None, None]","[-90.0, 90.0]"
483,20230606,2023-06-07 09:06:09Z,"[None, None]","[-90.0, 90.0]"
484,20230608,2023-06-08 20:21:16Z,"[None, None]","[None, None]"
485,20230608,2023-06-09 04:29:15Z,"[None, None]","[None, None]"
486,20230608,2023-06-09 09:00:56Z,"[None, None]","[-90.0, 90.0]"
487,20230610,2023-06-10 20:22:18Z,"[None, None]","[None, None]"
488,20230610,2023-06-11 04:29:04Z,"[None, None]","[None, None]"
489,20230610,2023-06-11 08:43:21Z,"[None, None]","[90.0, 200.0]"
490,20230610,2023-06-11 09:18:17Z,"[None, None]","[200.0, 90.0]"
491,20230610,2023-06-11 09:18:24Z,"[None, None]","[200.0, 90.0]"
492,20230611,2023-06-11 20:22:48Z,"[None, None]","[None, None]"
493,20230611,2023-06-12 04:29:01Z,"[None, None]","[None, None]"
494,20230611,2023-06-12 04:49:00Z,"[None, None]","[-95.0, 115.0]"
495,20230614,2023-06-14 20:24:31Z,"[None, None]","[None, None]"
496,20230614,2023-06-15 04:29:07Z,"[None, None]","[None, None]"
497,20230614,2023-06-15 04:47:50Z,"[None, None]","[-95.0, 115.0]"
498,20230614,2023-06-15 05:05:24Z,"[None, None]","[-105.0, 105.0]"
499,20230615,2023-06-15 20:24:54Z,"[None, None]","[None, None]"
500,20230615,2023-06-16 04:29:13Z,"[None, None]","[None, None]"
501,20230615,2023-06-16 05:34:57Z,"[None, None]","[-135.0, 75.0]"
502,20230616,2023-06-16 20:24:54Z,"[None, None]","[None, None]"
503,20230616,2023-06-17 04:29:13Z,"[None, None]","[None, None]"
504,20230616,2023-06-17 06:04:50Z,"[None, None]","[-85.0, 125.0]"
505,20230618,2023-06-18 20:25:34Z,"[None, None]","[None, None]"
506,20230618,2023-06-19 04:29:29Z,"[None, None]","[None, None]"
507,20230618,2023-06-19 06:02:50Z,"[None, None]","[-105.0, 105.0]"
508,20230619,2023-06-19 20:25:52Z,"[None, None]","[None, None]"
509,20230619,2023-06-20 04:29:40Z,"[None, None]","[None, None]"
510,20230619,2023-06-20 05:13:50Z,"[None, None]","[-120.0, 90.0]"
511,20230814,2023-08-14 19:58:38Z,"[None, None]","[None, None]"
512,20230814,2023-08-15 05:04:50Z,"[None, None]","[None, None]"
513,20230814,2023-08-15 06:23:57Z,"[None, None]","[0.0, 90.0]"
514,20230814,2023-08-15 06:24:25Z,"[None, None]","[-90.0, 0.0]"
515,20230814,2023-08-15 06:24:33Z,"[None, None]","[-90.0, 0.0]"
516,20230814,2023-08-15 06:53:08Z,"[None, None]","[None, None]"
517,20230815,2023-08-15 19:57:30Z,"[None, None]","[None, None]"
518,20230815,2023-08-16 05:05:36Z,"[None, None]","[None, None]"
519,20230815,2023-08-16 05:29:54Z,"[None, None]","[180.0, -1.0]"
520,20230815,2023-08-16 05:33:46Z,"[None, None]","[-170.0, 0.0]"
521,20230815,2023-08-16 09:13:54Z,"[None, None]","[-170.0, 0.0]"
522,20230828,2023-08-28 19:41:29Z,"[None, None]","[None, None]"
523,20230828,2023-08-29 05:15:10Z,"[None, None]","[None, None]"
524,20230828,2023-08-29 11:03:33Z,"[None, None]","[-90.0, 90.0]"
525,20230904,2023-09-04 19:32:13Z,"[None, None]","[None, None]"
526,20230904,2023-09-05 05:20:01Z,"[None, None]","[None, None]"
527,20230904,2023-09-05 05:29:04Z,"[None, None]","[-90.0, 90.0]"
528,20230904,2023-09-05 06:05:21Z,"[None, None]","[-100.0, 100.0]"
529,20230904,2023-09-05 07:33:30Z,"[None, None]","[-100.0, 100.0]"
530,20230904,2023-09-05 07:36:42Z,"[None, None]","[-102.0, 102.0]"
531,20230904,2023-09-05 07:37:15Z,"[None, None]","[-105.0, 105.0]"
532,20230904,2023-09-05 07:37:43Z,"[None, None]","[-115.0, 105.0]"
533,20230904,2023-09-05 07:38:15Z,"[None, None]","[-179.0, 0.0]"
534,20230904,2023-09-05 07:47:24Z,"[None, None]","[-150.0, 100.0]"
535,20230905,2023-09-05 19:30:52Z,"[None, None]","[None, None]"
537,20230905,2023-09-06 05:07:21Z,"[None, None]","[-180.0, 50.0]"
536,20230905,2023-09-06 05:20:42Z,"[None, None]","[None, None]"
538,20230917,2023-09-17 19:14:33Z,"[None, None]","[None, None]"
540,20230917,2023-09-18 03:56:27Z,"[None, None]","[-90.0, 90.0]"
541,20230917,2023-09-18 03:57:10Z,"[None, None]","[-120.0, 120.0]"
542,20230917,2023-09-18 04:53:18Z,"[None, None]","[-150.0, 50.0]"
543,20230917,2023-09-18 04:54:03Z,"[None, None]","[-150.0, 50.0]"
539,20230917,2023-09-18 05:28:38Z,"[None, None]","[None, None]"
544,20230917,2023-09-18 06:41:55Z,"[None, None]","[None, None]"
545,20230918,2023-09-18 19:13:11Z,"[None, None]","[None, None]"
547,20230918,2023-09-19 04:51:35Z,"[None, None]","[-150.0, 90.0]"
546,20230918,2023-09-19 05:29:16Z,"[None, None]","[None, None]"
548,20230919,2023-09-19 19:11:50Z,"[None, None]","[None, None]"
550,20230919,2023-09-20 04:23:04Z,"[None, None]","[-150.0, 90.0]"
551,20230919,2023-09-20 05:18:18Z,"[None, None]","[None, None]"
549,20230919,2023-09-20 05:29:55Z,"[None, None]","[None, None]"
552,20230919,2023-09-20 06:27:42Z,"[None, None]","[-150.0, 90.0]"
553,20230920,2023-09-20 19:10:28Z,"[None, None]","[None, None]"
555,20230920,2023-09-21 03:17:49Z,"[None, None]","[-150.0, 90.0]"
554,20230920,2023-09-21 05:30:34Z,"[None, None]","[None, None]"
556,20230920,2023-09-21 05:39:18Z,"[None, None]","[-90.0, 90.0]"
557,20230920,2023-09-21 06:15:04Z,"[None, None]","[-70.0, 90.0]"
558,20230920,2023-09-21 06:15:47Z,"[None, None]","[-45.0, 90.0]"
559,20230920,2023-09-21 07:23:24Z,"[None, None]","[-90.0, 45.0]"
560,20230920,2023-09-21 07:38:33Z,"[None, None]","[-90.0, 60.0]"
561,20230920,2023-09-21 07:38:45Z,"[None, None]","[-90.0, 90.0]"
562,20230920,2023-09-21 08:16:07Z,"[None, None]","[-150.0, 90.0]"
563,20230920,2023-09-21 08:19:56Z,"[None, None]","[-120.0, 90.0]"
564,20230920,2023-09-21 08:20:09Z,"[None, None]","[-120.0, 90.0]"
565,20230920,2023-09-21 10:40:13Z,"[None, None]","[-150.0, 90.0]"
566,20230920,2023-09-21 10:56:22Z,"[None, None]","[-120.0, 90.0]"
567,20230920,2023-09-21 17:15:05Z,"[30.0, 45.0]","[-120.0, 90.0]"
568,20230928,2023-09-28 18:59:46Z,"[None, None]","[None, None]"
569,20230928,2023-09-29 05:35:41Z,"[None, None]","[None, None]"
570,20230928,2023-09-29 09:41:05Z,"[None, None]","[-75.0, 100.0]"
571,20230929,2023-09-29 18:58:27Z,"[None, None]","[None, None]"
573,20230929,2023-09-30 04:26:50Z,"[None, None]","[-120.0, 120.0]"
572,20230929,2023-09-30 05:36:19Z,"[None, None]","[None, None]"
574,20230930,2023-09-30 18:57:09Z,"[None, None]","[None, None]"
576,20230930,2023-10-01 04:22:02Z,"[None, None]","[-90.0, 90.0]"
575,20230930,2023-10-01 05:36:58Z,"[None, None]","[None, None]"
577,20231001,2023-10-01 18:55:51Z,"[None, None]","[None, None]"
579,20231001,2023-10-02 01:50:01Z,"[None, None]","[-110.0, 110.0]"
578,20231001,2023-10-02 05:37:36Z,"[None, None]","[None, None]"
580,20231001,2023-10-02 08:44:50Z,"[None, None]","[None, None]"
581,20231011,2023-10-11 18:43:24Z,"[None, None]","[None, None]"
583,20231011,2023-10-12 03:36:29Z,"[None, None]","[-120.0, 120.0]"
582,20231011,2023-10-12 05:44:10Z,"[None, None]","[None, None]"
584,20231014,2023-10-14 18:39:54Z,"[None, None]","[None, None]"
585,20231014,2023-10-15 05:46:12Z,"[None, None]","[None, None]"
586,20231014,2023-10-15 11:16:33Z,"[None, None]","[135.0, 45.0]"
587,20231022,2023-10-22 18:31:13Z,"[None, None]","[None, None]"
589,20231022,2023-10-23 05:01:07Z,"[None, None]","[-90.0, 120.0]"
588,20231022,2023-10-23 05:51:46Z,"[None, None]","[None, None]"
590,20231029,2023-10-29 18:24:31Z,"[None, None]","[None, None]"
592,20231029,2023-10-30 03:14:19Z,"[55.0, 90.0]","[None, None]"
591,20231029,2023-10-30 05:56:52Z,"[None, None]","[None, None]"
593,20231029,2023-10-30 07:29:10Z,"[45.0, 90.0]","[None, None]"
594,20231029,2023-10-30 07:50:25Z,"[None, None]","[None, None]"
595,20231106,2023-11-06 18:18:08Z,"[None, None]","[None, None]"
596,20231106,2023-11-07 06:02:59Z,"[None, None]","[None, None]"
597,20231106,2023-11-07 07:27:26Z,"[None, None]","[-120.0, 120.0]"
598,20231119,2023-11-19 18:11:05Z,"[None, None]","[None, None]"
600,20231119,2023-11-20 01:42:10Z,"[None, None]","[-90.0, 90.0]"
599,20231119,2023-11-20 06:13:21Z,"[None, None]","[None, None]"
601,20231119,2023-11-20 07:43:16Z,"[None, None]","[-90.0, 90.0]"
602,20231119,2023-11-20 10:53:46Z,"[None, None]","[0.0, 180.0]"
603,20231120,2023-11-20 18:10:44Z,"[None, None]","[None, None]"
604,20231120,2023-11-21 06:14:09Z,"[None, None]","[None, None]"
605,20231120,2023-11-21 10:47:14Z,"[None, None]","[181.0, -1.0]"
606,20231121,2023-11-21 18:10:24Z,"[None, None]","[None, None]"
608,20231121,2023-11-22 01:15:11Z,"[None, None]","[91.0, -91.0]"
609,20231121,2023-11-22 01:15:57Z,"[None, None]","[120.0, -90.0]"
610,20231121,2023-11-22 01:16:40Z,"[None, None]","[None, None]"
611,20231121,2023-11-22 02:36:22Z,"[None, None]","[120.0, 0.0]"
612,20231121,2023-11-22 03:21:33Z,"[None, None]","[120.0, -1.0]"
607,20231121,2023-11-22 06:14:57Z,"[None, None]","[None, None]"
613,20231121,2023-11-22 09:16:42Z,"[None, None]","[180.0, -1.0]"
614,20231122,2023-11-22 18:10:06Z,"[None, None]","[None, None]"
616,20231122,2023-11-23 01:53:04Z,"[None, None]","[160.0, -1.0]"
617,20231122,2023-11-23 05:04:53Z,"[None, None]","[None, None]"
615,20231122,2023-11-23 06:15:45Z,"[None, None]","[None, None]"
618,20231123,2023-11-23 18:09:49Z,"[None, None]","[None, None]"
620,20231123,2023-11-24 01:06:56Z,"[None, None]","[-100.0, 100.0]"
619,20231123,2023-11-24 06:16:33Z,"[None, None]","[None, None]"
621,20231124,2023-11-24 18:09:34Z,"[None, None]","[None, None]"
623,20231124,2023-11-25 01:03:43Z,"[None, None]","[-110.0, 110.0]"
624,20231124,2023-11-25 01:51:21Z,"[None, None]","[0.0, 110.0]"
625,20231124,2023-11-25 01:51:39Z,"[None, None]","[-110.0, 0.0]"
622,20231124,2023-11-25 06:17:21Z,"[None, None]","[None, None]"
626,20231205,2023-12-05 18:08:42Z,"[None, None]","[None, None]"
628,20231205,2023-12-06 02:36:08Z,"[None, None]","[100.0, 280.0]"
629,20231205,2023-12-06 03:27:59Z,"[None, None]","[None, None]"
627,20231205,2023-12-06 06:25:47Z,"[None, None]","[None, None]"
630,20231206,2023-12-06 18:08:47Z,"[None, None]","[None, None]"
631,20231206,2023-12-07 06:26:30Z,"[None, None]","[None, None]"
632,20231206,2023-12-07 07:37:19Z,"[None, None]","[None, None]"
633,20231211,2023-12-11 18:09:38Z,"[None, None]","[None, None]"
635,20231211,2023-12-12 05:50:10Z,"[None, None]","[-110.0, 130.0]"
634,20231211,2023-12-12 06:29:57Z,"[None, None]","[None, None]"
636,20231212,2023-12-12 18:09:53Z,"[None, None]","[None, None]"
638,20231212,2023-12-13 01:37:12Z,"[None, None]","[-120.0, 120.0]"
637,20231212,2023-12-13 06:30:36Z,"[None, None]","[None, None]"
639,20231214,2023-12-14 18:10:28Z,"[None, None]","[None, None]"
640,20231214,2023-12-15 06:31:52Z,"[None, None]","[None, None]"
641,20231214,2023-12-15 08:24:00Z,"[None, None]","[-240.0, 0.0]"
642,20231214,2023-12-15 09:05:34Z,"[None, None]","[-210.0, 30.0]"
643,20231215,2023-12-15 18:10:47Z,"[None, None]","[None, None]"
645,20231215,2023-12-16 01:16:43Z,"[None, None]","[-240.0, 0.0]"
644,20231215,2023-12-16 06:32:28Z,"[None, None]","[None, None]"
646,20231215,2023-12-16 10:02:59Z,"[None, None]","[-165.0, 75.0]"
647,20231230,2023-12-30 18:18:17Z,"[None, None]","[None, None]"
649,20231230,2023-12-31 01:54:05Z,"[None, None]","[-70.0, 110.0]"
648,20231230,2023-12-31 06:39:15Z,"[None, None]","[None, None]"
650,20231230,2023-12-31 13:46:33Z,"[None, None]","[None, None]"
651,20231231,2023-12-31 18:18:56Z,"[None, None]","[None, None]"
653,20231231,2024-01-01 02:43:22Z,"[0.0, 30.0]","[None, None]"
654,20231231,2024-01-01 02:46:31Z,"[30.0, 90.0]","[None, None]"
655,20231231,2024-01-01 02:51:05Z,"[60.0, 90.0]","[-135.0, 0.0]"
656,20231231,2024-01-01 02:59:09Z,"[None, None]","[None, None]"
657,20231231,2024-01-01 03:39:01Z,"[None, None]","[None, None]"
652,20231231,2024-01-01 06:39:32Z,"[None, None]","[None, None]"
658,20240110,2024-01-10 18:26:11Z,"[None, None]","[None, None]"
660,20240110,2024-01-11 01:56:25Z,"[None, None]","[-97.5, 142.5]"
661,20240110,2024-01-11 04:24:16Z,"[None, None]","[-75.0, 165.0]"
659,20240110,2024-01-11 06:40:54Z,"[None, None]","[None, None]"
662,20240117,2024-01-17 18:31:50Z,"[None, None]","[None, None]"
664,20240117,2024-01-18 02:36:18Z,"[None, None]","[-110.0, 110.0]"
665,20240117,2024-01-18 02:37:20Z,"[None, None]","[-90.0, 135.0]"
663,20240117,2024-01-18 06:40:14Z,"[None, None]","[None, None]"
666,20240117,2024-01-18 09:04:53Z,"[None, None]","[None, None]"
667,20240119,2024-01-19 18:33:29Z,"[None, None]","[None, None]"
668,20240119,2024-01-20 06:39:48Z,"[None, None]","[None, None]"
669,20240119,2024-01-20 09:55:22Z,"[None, None]","[-90.0, 90.0]"
670,20240119,2024-01-20 10:00:50Z,"[None, None]","[None, None]"
671,20240119,2024-01-20 10:12:21Z,"[None, None]","[-90.0, 90.0]"
672,20240126,2024-01-26 18:39:22Z,"[None, None]","[None, None]"
673,20240126,2024-01-27 06:37:25Z,"[None, None]","[None, None]"
674,20240126,2024-01-27 07:05:02Z,"[None, None]","[None, None]"
675,20240126,2024-01-27 07:06:11Z,"[None, None]","[-225.0, 45.0]"
676,20240126,2024-01-27 11:57:26Z,"[60.0, 90.0]","[-225.0, 45.0]"
677,20240127,2024-01-27 18:40:13Z,"[None, None]","[None, None]"
679,20240127,2024-01-28 01:55:18Z,"[60.0, 90.0]","[None, None]"
680,20240127,2024-01-28 02:03:12Z,"[None, None]","[None, None]"
678,20240127,2024-01-28 06:36:58Z,"[None, None]","[None, None]"
681,20240127,2024-01-28 07:22:35Z,"[None, None]","[-90.0, 90.0]"
682,20240128,2024-01-28 18:41:03Z,"[None, None]","[None, None]"
683,20240128,2024-01-29 06:36:29Z,"[None, None]","[None, None]"
684,20240128,2024-01-29 11:15:45Z,"[None, None]","[-30.0, 120.0]"
685,20240131,2024-01-31 18:43:35Z,"[None, None]","[None, None]"
686,20240131,2024-02-01 06:34:55Z,"[None, None]","[None, None]"
687,20240131,2024-02-01 08:06:01Z,"[None, None]","[225.0, 315.0]"
688,20240131,2024-02-01 08:11:36Z,"[None, None]","[-120.0, 120.0]"
689,20240203,2024-02-03 18:46:06Z,"[None, None]","[None, None]"
691,20240203,2024-02-04 02:03:45Z,"[None, None]","[-75.0, 165.0]"
692,20240203,2024-02-04 02:18:35Z,"[None, None]","[None, None]"
693,20240203,2024-02-04 02:23:24Z,"[None, None]","[-75.0, 165.0]"
694,20240203,2024-02-04 02:41:47Z,"[None, None]","[None, None]"
690,20240203,2024-02-04 06:33:07Z,"[None, None]","[None, None]"
695,20240212,2024-02-12 18:53:30Z,"[None, None]","[None, None]"
696,20240212,2024-02-13 06:26:27Z,"[None, None]","[None, None]"
697,20240212,2024-02-13 11:44:43Z,"[None, None]","[-90.0, 90.0]"
698,20240217,2024-02-17 18:57:29Z,"[None, None]","[None, None]"
699,20240217,2024-02-18 06:22:00Z,"[None, None]","[None, None]"
700,20240217,2024-02-18 09:36:08Z,"[45.0, 90.0]","[None, None]"
701,20240217,2024-02-18 11:52:12Z,"[None, None]","[None, None]"
702,20240219,2024-02-19 18:59:49Z,"[None, None]","[None, None]"
704,20240219,2024-02-20 03:53:01Z,"[None, None]","[-135.0, 135.0]"
705,20240219,2024-02-20 05:31:32Z,"[None, None]","[-90.0, 90.0]"
703,20240219,2024-02-20 06:19:05Z,"[None, None]","[None, None]"
706,20240219,2024-02-20 08:38:43Z,"[None, None]","[-90.0, 90.0]"
707,20240220,2024-02-20 19:00:35Z,"[None, None]","[None, None]"
709,20240220,2024-02-21 02:12:52Z,"[None, None]","[-90.0, 90.0]"
710,20240220,2024-02-21 02:14:51Z,"[None, None]","[-90.0, 90.0]"
711,20240220,2024-02-21 02:15:23Z,"[None, None]","[-90.0, 90.0]"
708,20240220,2024-02-21 06:18:05Z,"[None, None]","[None, None]"
712,20240301,2024-03-01 19:07:21Z,"[None, None]","[None, None]"
713,20240301,2024-03-02 06:08:20Z,"[None, None]","[None, None]"
714,20240301,2024-03-02 07:24:53Z,"[None, None]","[-135.0, 135.0]"
715,20240302,2024-03-02 19:08:05Z,"[None, None]","[None, None]"
717,20240302,2024-03-03 02:04:17Z,"[None, None]","[-135.0, 135.0]"
716,20240302,2024-03-03 06:07:11Z,"[None, None]","[None, None]"
718,20240302,2024-03-03 10:05:46Z,"[None, None]","[None, None]"
719,20240305,2024-03-05 19:10:16Z,"[None, None]","[None, None]"
721,20240305,2024-03-06 04:35:23Z,"[None, None]","[40.0, 300.0]"
720,20240305,2024-03-06 06:03:39Z,"[None, None]","[None, None]"
722,20240305,2024-03-06 07:29:44Z,"[None, None]","[None, None]"
723,20240305,2024-03-06 07:32:40Z,"[None, None]","[-90.0, 90.0]"
724,20240305,2024-03-06 09:14:45Z,"[None, None]","[None, None]"
725,20240305,2024-03-06 09:15:41Z,"[55.0, 90.0]","[None, None]"
726,20240306,2024-03-06 19:11:00Z,"[None, None]","[None, None]"
727,20240306,2024-03-07 06:02:27Z,"[None, None]","[None, None]"
728,20240306,2024-03-07 07:22:24Z,"[None, None]","[270.0, 180.0]"
729,20240311,2024-03-11 19:14:36Z,"[None, None]","[None, None]"
730,20240311,2024-03-12 05:56:18Z,"[None, None]","[None, None]"
731,20240311,2024-03-12 06:16:12Z,"[None, None]","[135.0, 230.0]"
732,20240311,2024-03-12 08:06:36Z,"[None, None]","[135.0, 245.0]"
733,20240311,2024-03-12 08:07:17Z,"[None, None]","[135.0, 255.0]"
734,20240311,2024-03-12 08:07:38Z,"[None, None]","[255.0, 135.0]"
735,20240312,2024-03-12 19:15:19Z,"[None, None]","[None, None]"
737,20240312,2024-03-13 05:16:49Z,"[None, None]","[235.0, 135.0]"
736,20240312,2024-03-13 05:55:03Z,"[None, None]","[None, None]"
738,20240312,2024-03-13 07:18:20Z,"[None, None]","[None, None]"
739,20240312,2024-03-13 07:18:28Z,"[None, None]","[250.0, 125.0]"
740,20240329,2024-03-29 19:27:28Z,"[None, None]","[None, None]"
742,20240329,2024-03-30 02:21:38Z,"[None, None]","[-105.0, 105.0]"
741,20240329,2024-03-30 05:32:51Z,"[None, None]","[None, None]"
743,20240404,2024-04-04 19:31:52Z,"[None, None]","[None, None]"
745,20240404,2024-04-05 02:42:15Z,"[None, None]","[-135.0, 135.0]"
746,20240404,2024-04-05 03:05:30Z,"[None, None]","[-135.0, 135.0]"
744,20240404,2024-04-05 05:24:56Z,"[None, None]","[None, None]"
747,20240404,2024-04-05 05:45:19Z,"[None, None]","[-90.0, -90.0]"
748,20240404,2024-04-05 05:47:59Z,"[None, None]","[-90.0, 90.0]"
749,20240404,2024-04-05 06:10:11Z,"[None, None]","[-45.0, 135.0]"
750,20240404,2024-04-05 06:30:24Z,"[None, None]","[-45.0, 135.0]"
751,20240603,2024-06-03 20:18:48Z,"[None, None]","[None, None]"
752,20240603,2024-06-04 04:30:01Z,"[None, None]","[None, None]"
753,20240603,2024-06-04 05:47:12Z,"[None, None]","[-135.0, 135.0]"
754,20240603,2024-06-04 08:48:19Z,"[None, None]","[-165.0, 105.0]"
755,20240616,2024-06-16 20:25:09Z,"[None, None]","[None, None]"
757,20240616,2024-06-17 04:28:43Z,"[None, None]","[-90.0, 90.0]"
756,20240616,2024-06-17 04:29:18Z,"[None, None]","[None, None]"
758,20240703,2024-07-03 20:27:01Z,"[None, None]","[None, None]"
759,20240703,2024-07-04 04:35:03Z,"[None, None]","[None, None]"
760,20240703,2024-07-04 09:46:08Z,"[None, None]","[180.0, 0.0]"
761,20240703,2024-07-04 10:26:48Z,"[None, None]","[-90.0, 90.0]"
762,20240703,2024-07-04 10:42:30Z,"[None, None]","[-45.0, 90.0]"
763,20240703,2024-07-04 11:07:51Z,"[None, None]","[None, None]"
764,20240705,2024-07-05 20:26:41Z,"[None, None]","[None, None]"
765,20240705,2024-07-06 04:36:08Z,"[None, None]","[None, None]"
766,20240705,2024-07-06 05:01:34Z,"[None, None]","[-135.0, 45.0]"
767,20240705,2024-07-06 06:13:05Z,"[None, None]","[-180.0, 45.0]"
768,20240705,2024-07-06 10:01:40Z,"[None, None]","[None, None]"
769,20240723,2024-07-23 20:18:31Z,"[None, None]","[None, None]"
770,20240723,2024-07-24 04:48:20Z,"[None, None]","[None, None]"
771,20240723,2024-07-24 10:13:15Z,"[None, None]","[-90.0, 90.0]"
772,20240723,2024-07-24 10:38:48Z,"[None, None]","[None, None]"
773,20240802,2024-08-02 20:10:19Z,"[None, None]","[None, None]"
774,20240802,2024-08-03 04:56:05Z,"[None, None]","[None, None]"
775,20240802,2024-08-03 06:58:32Z,"[None, None]","[-30.0, 90.0]"
776,20240802,2024-08-03 08:11:02Z,"[None, None]","[30.0, 210.0]"
777,20240805,2024-08-05 20:07:26Z,"[None, None]","[None, None]"
779,20240805,2024-08-06 04:16:57Z,"[None, None]","[100.0, 360.0]"
780,20240805,2024-08-06 04:17:09Z,"[None, None]","[100.0, 360.0]"
781,20240805,2024-08-06 04:40:50Z,"[None, None]","[None, None]"
778,20240805,2024-08-06 04:58:26Z,"[None, None]","[None, None]"
782,20240814,2024-08-14 19:56:37Z,"[None, None]","[None, None]"
784,20240814,2024-08-15 03:39:39Z,"[0.0, 60.0]","[-160.0, -60.0]"
783,20240814,2024-08-15 05:06:10Z,"[None, None]","[None, None]"
785,20240815,2024-08-15 19:56:37Z,"[None, None]","[None, None]"
786,20240815,2024-08-16 05:06:10Z,"[None, None]","[None, None]"
787,20240815,2024-08-16 07:35:57Z,"[None, None]","[0.0, 90.0]"
788,20240816,2024-08-16 19:55:27Z,"[None, None]","[None, None]"
789,20240816,2024-08-17 05:06:56Z,"[None, None]","[None, None]"
790,20240816,2024-08-17 05:39:47Z,"[None, None]","[-200.0, 0.0]"
791,20240816,2024-08-17 10:50:27Z,"[None, None]","[None, None]"
792,20240818,2024-08-18 19:51:51Z,"[None, None]","[None, None]"
794,20240818,2024-08-19 03:10:18Z,"[None, None]","[-10.0, 90.0]"
795,20240818,2024-08-19 03:11:08Z,"[None, None]","[-90.0, 10.0]"
796,20240818,2024-08-19 04:35:00Z,"[None, None]","[None, None]"
793,20240818,2024-08-19 05:09:10Z,"[None, None]","[None, None]"
797,20240818,2024-08-19 08:38:49Z,"[None, None]","[90.0, 0.0]"
798,20240818,2024-08-19 08:39:06Z,"[None, None]","[0.0, 180.0]"
799,20240819,2024-08-19 19:51:51Z,"[None, None]","[None, None]"
800,20240819,2024-08-20 05:09:10Z,"[None, None]","[None, None]"
801,20240819,2024-08-20 05:20:38Z,"[60.0, 90.0]","[38.0, 48.0]"
802,20240819,2024-08-20 05:21:03Z,"[60.0, 90.0]","[38.0, 48.0]"
803,20240820,2024-08-20 19:49:24Z,"[None, None]","[None, None]"
804,20240820,2024-08-21 05:10:39Z,"[None, None]","[None, None]"
805,20240820,2024-08-21 10:07:37Z,"[None, None]","[-90.0, 90.0]"
806,20240821,2024-08-21 19:49:24Z,"[None, None]","[None, None]"
807,20240821,2024-08-22 05:10:39Z,"[None, None]","[None, None]"
808,20240821,2024-08-22 05:47:54Z,"[None, None]","[-179.0, -1.0]"
809,20240821,2024-08-22 07:51:12Z,"[None, None]","[None, None]"
810,20240821,2024-08-22 08:43:02Z,"[None, None]","[-90.0, 0.0]"
811,20240821,2024-08-22 08:43:13Z,"[None, None]","[-110.0, 0.0]"
812,20240821,2024-08-22 10:22:43Z,"[None, None]","[0.0, 180.0]"
813,20240822,2024-08-22 19:46:54Z,"[None, None]","[None, None]"
814,20240822,2024-08-23 05:12:06Z,"[None, None]","[None, None]"
815,20240822,2024-08-23 06:33:24Z,"[None, None]","[-179.0, -1.0]"
816,20240822,2024-08-23 07:18:32Z,"[None, None]","[-90.0, 90.0]"
817,20240822,2024-08-23 09:54:51Z,"[None, None]","[None, None]"
818,20240822,2024-08-23 10:33:16Z,"[None, None]","[90.0, 270.0]"
819,20240902,2024-09-02 19:32:32Z,"[None, None]","[None, None]"
821,20240902,2024-09-03 03:08:16Z,"[None, None]","[-180.0, 45.0]"
822,20240902,2024-09-03 04:14:53Z,"[None, None]","[None, None]"
820,20240902,2024-09-03 05:19:51Z,"[None, None]","[None, None]"
823,20240905,2024-09-05 19:29:51Z,"[None, None]","[None, None]"
824,20240905,2024-09-06 05:21:13Z,"[None, None]","[None, None]"
825,20240905,2024-09-06 05:45:23Z,"[None, None]","[-180.0, 30.0]"
826,20240906,2024-09-06 19:28:30Z,"[None, None]","[None, None]"
828,20240906,2024-09-07 04:22:40Z,"[None, None]","[90.0, -359.0]"
829,20240906,2024-09-07 04:23:38Z,"[None, None]","[None, None]"
830,20240906,2024-09-07 04:34:40Z,"[None, None]","[135.0, 0.0]"
827,20240906,2024-09-07 05:21:53Z,"[None, None]","[None, None]"
831,20240907,2024-09-07 19:27:08Z,"[None, None]","[None, None]"
833,20240907,2024-09-08 02:52:01Z,"[None, None]","[0.0, 180.0]"
834,20240907,2024-09-08 04:59:12Z,"[None, None]","[90.0, -90.0]"
832,20240907,2024-09-08 05:22:34Z,"[None, None]","[None, None]"
835,20240910,2024-09-10 19:23:03Z,"[None, None]","[None, None]"
836,20240910,2024-09-11 05:24:33Z,"[None, None]","[None, None]"
837,20240910,2024-09-11 09:40:34Z,"[None, None]","[0.0, 180.0]"
838,20240910,2024-09-11 10:40:42Z,"[None, None]","[None, None]"
839,20240913,2024-09-13 19:18:58Z,"[None, None]","[None, None]"
840,20240913,2024-09-14 05:26:31Z,"[None, None]","[None, None]"
841,20240913,2024-09-14 07:49:15Z,"[None, None]","[-90.0, 90.0]"
842,20240913,2024-09-14 08:28:31Z,"[None, None]","[-115.0, 115.0]"
843,20240914,2024-09-14 19:17:36Z,"[None, None]","[None, None]"
844,20240914,2024-09-15 05:27:10Z,"[None, None]","[None, None]"
845,20240914,2024-09-15 07:12:19Z,"[None, None]","[-90.0, 90.0]"
846,20240914,2024-09-15 07:27:02Z,"[None, None]","[-90.0, 90.0]"
847,20240914,2024-09-15 07:27:51Z,"[None, None]","[-90.0, 0.0]"
848,20240914,2024-09-15 07:33:15Z,"[None, None]","[-90.0, 0.0]"
849,20240914,2024-09-15 07:54:54Z,"[None, None]","[-115.0, 15.0]"
850,20240914,2024-09-15 08:13:17Z,"[None, None]","[None, None]"
851,20240917,2024-09-17 19:13:30Z,"[None, None]","[None, None]"
853,20240917,2024-09-18 05:17:39Z,"[None, None]","[-150.0, 90.0]"
852,20240917,2024-09-18 05:29:06Z,"[None, None]","[None, None]"
854,20240917,2024-09-18 11:37:26Z,"[None, None]","[-160.0, 80.0]"
855,20240919,2024-09-19 19:10:47Z,"[None, None]","[None, None]"
857,20240919,2024-09-20 03:04:55Z,"[None, None]","[-170.0, 70.0]"
856,20240919,2024-09-20 05:30:23Z,"[None, None]","[None, None]"
858,20240919,2024-09-20 05:41:20Z,"[None, None]","[-190.0, 50.0]"
859,20240919,2024-09-20 08:53:03Z,"[None, None]","[None, None]"
860,20240920,2024-09-20 19:09:26Z,"[None, None]","[None, None]"
861,20240920,2024-09-21 05:31:02Z,"[None, None]","[None, None]"
862,20240920,2024-09-21 05:38:59Z,"[None, None]","[-210.0, -30.0]"
863,20240920,2024-09-21 06:17:19Z,"[None, None]","[None, None]"
864,20240921,2024-09-21 19:08:05Z,"[None, None]","[None, None]"
865,20240921,2024-09-22 05:31:40Z,"[None, None]","[None, None]"
866,20240921,2024-09-22 08:44:36Z,"[None, None]","[None, None]"
867,20241014,2024-10-14 18:37:54Z,"[None, None]","[None, None]"
868,20241014,2024-10-15 05:47:23Z,"[None, None]","[None, None]"
869,20241014,2024-10-15 08:14:40Z,"[None, None]","[180.0, 360.0]"
870,20241014,2024-10-15 08:17:44Z,"[None, None]","[-180.0, 90.0]"
871,20241015,2024-10-15 18:37:54Z,"[None, None]","[None, None]"
872,20241015,2024-10-16 05:47:23Z,"[None, None]","[None, None]"
873,20241015,2024-10-16 09:50:39Z,"[None, None]","[-180.0, 90.0]"
874,20241017,2024-10-17 18:35:41Z,"[None, None]","[None, None]"
876,20241017,2024-10-18 03:17:55Z,"[None, None]","[-135.0, 135.0]"
877,20241017,2024-10-18 03:18:01Z,"[None, None]","[-135.0, 135.0]"
878,20241017,2024-10-18 04:02:22Z,"[None, None]","[None, None]"
879,20241017,2024-10-18 04:40:44Z,"[None, None]","[-180.0, 90.0]"
875,20241017,2024-10-18 05:48:46Z,"[None, None]","[None, None]"
880,20241027,2024-10-27 18:25:38Z,"[None, None]","[None, None]"
881,20241027,2024-10-28 05:55:56Z,"[None, None]","[None, None]"
882,20241027,2024-10-28 06:04:25Z,"[None, None]","[-150.0, 90.0]"
883,20241027,2024-10-28 07:04:58Z,"[None, None]","[-135.0, 75.0]"
884,20241028,2024-10-28 18:24:44Z,"[None, None]","[None, None]"
886,20241028,2024-10-29 04:25:12Z,"[None, None]","[-100.0, 140.0]"
885,20241028,2024-10-29 05:56:41Z,"[None, None]","[None, None]"
887,20241028,2024-10-29 05:57:46Z,"[None, None]","[-140.0, 100.0]"
888,20241028,2024-10-29 06:39:26Z,"[None, None]","[-90.0, 90.0]"
889,20241031,2024-10-31 18:21:20Z,"[None, None]","[None, None]"
890,20241031,2024-11-01 05:59:42Z,"[None, None]","[None, None]"
891,20241031,2024-11-01 09:15:29Z,"[None, None]","[-185.0, 55.0]"
892,20241101,2024-11-01 18:21:20Z,"[None, None]","[None, None]"
894,20241101,2024-11-02 02:21:33Z,"[None, None]","[-150.0, 90.0]"
895,20241101,2024-11-02 04:20:17Z,"[None, None]","[None, None]"
893,20241101,2024-11-02 05:59:42Z,"[None, None]","[None, None]"
896,20241101,2024-11-03 06:23:36Z,"[None, None]","[-135.0, 105.0]"
897,20241103,2024-11-03 18:19:47Z,"[None, None]","[None, None]"
898,20241103,2024-11-04 06:01:15Z,"[None, None]","[None, None]"
899,20241103,2024-11-04 09:06:13Z,"[None, None]","[-30.0, 210.0]"
900,20241110,2024-11-10 18:15:03Z,"[None, None]","[None, None]"
902,20241110,2024-11-11 04:49:43Z,"[None, None]","[-135.0, 45.0]"
903,20241110,2024-11-11 04:51:12Z,"[None, None]","[None, None]"
901,20241110,2024-11-11 06:06:44Z,"[None, None]","[None, None]"
904,20241114,2024-11-14 18:12:54Z,"[None, None]","[None, None]"
906,20241114,2024-11-15 01:18:51Z,"[None, None]","[-155.0, 85.0]"
907,20241114,2024-11-15 04:08:21Z,"[None, None]","[-160.0, 50.0]"
908,20241114,2024-11-15 05:33:22Z,"[None, None]","[-135.0, 75.0]"
909,20241114,2024-11-15 05:56:41Z,"[None, None]","[-90.0, 90.0]"
905,20241114,2024-11-15 06:09:55Z,"[None, None]","[None, None]"
910,20241114,2024-11-15 08:17:17Z,"[None, None]","[-120.0, 60.0]"
911,20241115,2024-11-15 18:12:25Z,"[None, None]","[None, None]"
913,20241115,2024-11-16 05:34:22Z,"[None, None]","[-135.0, 75.0]"
912,20241115,2024-11-16 06:10:43Z,"[None, None]","[None, None]"
914,20241115,2024-11-16 09:21:51Z,"[None, None]","[None, None]"
915,20241125,2024-11-25 18:09:11Z,"[None, None]","[None, None]"
917,20241125,2024-11-26 05:34:02Z,"[None, None]","[181.0, 359.0]"
918,20241125,2024-11-26 05:45:28Z,"[None, None]","[None, None]"
916,20241125,2024-11-26 06:18:43Z,"[None, None]","[None, None]"
919,20241210,2024-12-10 18:09:35Z,"[None, None]","[None, None]"
921,20241210,2024-12-11 02:47:27Z,"[None, None]","[180.0, 140.0]"
922,20241210,2024-12-11 02:50:18Z,"[None, None]","[None, None]"
920,20241210,2024-12-11 06:29:47Z,"[None, None]","[None, None]"
923,20241212,2024-12-12 18:10:05Z,"[None, None]","[None, None]"
925,20241212,2024-12-13 00:59:20Z,"[None, None]","[190.0, 110.0]"
926,20241212,2024-12-13 01:13:05Z,"[None, None]","[210.0, 90.0]"
927,20241212,2024-12-13 02:04:25Z,"[None, None]","[230.0, 70.0]"
928,20241212,2024-12-13 02:49:19Z,"[None, None]","[240.0, 60.0]"
924,20241212,2024-12-13 06:31:05Z,"[None, None]","[None, None]"
929,20241214,2024-12-14 18:10:42Z,"[None, None]","[None, None]"
931,20241214,2024-12-15 02:39:10Z,"[None, None]","[-179.0, -1.0]"
930,20241214,2024-12-15 06:32:19Z,"[None, None]","[None, None]"
932,20241214,2024-12-15 08:17:18Z,"[None, None]","[None, None]"
